{
    "robot": {
        "width": 13.5,
        "length": 17.5,
        "wheelAxis": 5.75
    },
    "wheel": {
        "radius": 4.05,
        "diameter": 8.1,
        "circumference": 25.446900494077325,
        "width": 1.5
    },
    "drivebase": {
        "DBM": 8.75,
        "halfDBM": 4.375,
        "motor": {
            "left": {
                "port": "A",
                "direction": 1,
                "bias": 0,
                "ff": [
                    13,
                    0.11931201667437585,
                    0.08099391578841149
                ],
                "p": 1
            },
            "right": {
                "port": "B",
                "direction": 1,
                "bias": 0,
                "ff": [
                    12,
                    0.11937617620778385,
                    0.03820735570266314
                ],
                "p": 1
            }
        }
    },
    "motors": {
        "left": {
            "port": "D",
            "direction": 1,
            "bias": 0,
            "ff": [
                28,
                0.059678823953553915,
                0.031508781152922445
            ],
            "p": 1,
            "speedKpid": [
                0.0,
                0.0,
                0.0
            ],
            "posKpid": [
                20.0,
                0.1,
                0.3
            ]
        },
        "right": {
            "port": "C",
            "direction": 1,
            "bias": 0,
            "ff": [
                18,
                0.061108493163003236,
                0.03095773607742558
            ],
            "p": 1,
            "speedKpid": [
                0.0,
                0.0,
                0.0
            ],
            "posKpid": [
                20.0,
                0.1,
                0.3
            ]
        }
    },
    "gyro": {
        "S1": {
            "port": "1",
            "direction": -1,
            "bias": 0
        },
        "S2": {
            "port": "2",
            "direction": -1,
            "bias": 0
        }
    },
    "light": {
        "SL": {
            "port": "4"
        },
        "SR": {
            "port": "3"
        }
    },
    "sensorbase": {
        "box_Kpid": [
            3.75,
            0,
            0.03
        ]
    }
}