{
    "robot": {
        "width": 13.5,
        "length": 17.5,
        "wheelAxis": 5.75
    },
    "wheel": {
        "radius": 4.05,
        "diameter": 8.1,
        "circumference": 25.446900494077325,
        "width": 1.5
    },
    "drivebase": {
        "DBM": 8.75,
        "halfDBM": 4.375,
        "motor": {
            "left": {
                "port": "A",
                "direction": 1,
                "bias": 0,
                "ff": [
                    15,
                    0.11412084400862438,
                    0.024466834681661564
                ],
                "p": 1
            },
            "right": {
                "port": "B",
                "direction": 1,
                "bias": 0,
                "ff": [
                    10,
                    0.1185198217733272,
                    0.023889456910713612
                ],
                "p": 1
            }
        }
    },
    "motors": {
        "left": {
            "port": "D",
            "direction": 1,
            "bias": 0,
            "ff": [
                3,
                0.05841685567037257,
                0.02764234727775754
            ],
            "p": 1,
            "speedKpid": [
                0.0,
                0.0,
                0.0
            ],
            "posKpid": [
                20.0,
                0.1,
                0.3
            ]
        },
        "right": {
            "port": "C",
            "direction": 1,
            "bias": 0,
            "ff": [
                22,
                0.05680355773890687,
                0.029181495712484514
            ],
            "p": 1,
            "speedKpid": [
                0.0,
                0.0,
                0.0
            ],
            "posKpid": [
                20.0,
                0.1,
                0.3
            ]
        }
    },
    "gyro": {
        "S1": {
            "port": "1",
            "direction": -1,
            "bias": 0
        },
        "S2": {
            "port": "2",
            "direction": -1,
            "bias": 0
        }
    },
    "light": {
        "SL": {
            "port": "4"
        },
        "SR": {
            "port": "3"
        }
    },
    "sensorbase": {
        "box_Kpid": [
            3.75,
            0,
            0.03
        ]
    }
}