{
    "robot": {
        "width": 13.5,
        "length": 17.5,
        "wheelAxis": 5.75
    },
    "wheel": {
        "radius": 4.05,
        "diameter": 8.1,
        "circumference": 25.446900494077325,
        "width": 1.5
    },
    "drivebase": {
        "DBM": 8.75,
        "halfDBM": 4.375,
        "motor": {
            "left": {
                "port": "B",
                "direction": 1,
                "bias": 0,
                "ff": [
                    11,
                    0.10936358524631887,
                    0.06173159908712478
                ],
                "p": 1
            },
            "right": {
                "port": "A",
                "direction": 1,
                "bias": 0,
                "ff": [
                    10,
                    0.1076658480171021,
                    0.008779879800700488
                ],
                "p": 1
            }
        }
    },
    "motors": {
        "left": {
            "port": "C",
            "direction": 1,
            "bias": 0,
            "ff": [
                27,
                0.06079863404207826,
                0.0312321587034603
            ],
            "p": 1,
            "speedKpid": [
                0.0,
                0.0,
                0.0
            ],
            "posKpid": [
                20.0,
                0.1,
                0.3
            ]
        },
        "right": {
            "port": "D",
            "direction": 1,
            "bias": 0,
            "ff": [
                24,
                0.06678170354547924,
                0.06404424518741557
            ],
            "p": 1,
            "speedKpid": [
                0.0,
                0.0,
                0.0
            ],
            "posKpid": [
                20.0,
                0.1,
                0.3
            ]
        }
    },
    "gyro": {
        "S1": {
            "port": "1",
            "direction": -1,
            "bias": 0
        },
        "S2": {
            "port": "2",
            "direction": -1,
            "bias": 0
        }
    },
    "light": {
        "SL": {
            "port": "3"
        },
        "SR": {
            "port": "4"
        }
    },
    "sensorbase": {
        "box_Kpid": [
            5,
            0,
            0
        ]
    }
}