{
    "robot": {
        "width": 13.5,
        "length": 17.5,
        "wheelAxis": 5.75
    },
    "wheel": {
        "radius": 4.05,
        "diameter": 8.1,
        "circumference": 25.446900494077325,
        "width": 1.5
    },
    "drivebase": {
        "DBM": 8.75,
        "halfDBM": 4.375,
        "motor": {
            "left": {
                "port": "B",
                "direction": 1,
                "bias": 0,
                "ff": [
                    19,
                    0.12933772970208046,
                    0.03430493464341943
                ],
                "p": 1
            },
            "right": {
                "port": "A",
                "direction": 1,
                "bias": 0,
                "ff": [
                    16,
                    0.12545900871187954,
                    0.019935321185939516
                ],
                "p": 1
            }
        }
    },
    "motors": {
        "left": {
            "port": "C",
            "direction": 1,
            "bias": 0,
            "ff": [
                27,
                0.06079863404207826,
                0.0312321587034603
            ],
            "p": 1,
            "speedKpid": [
                0.0,
                0.0,
                0.0
            ],
            "posKpid": [
                20.0,
                0.1,
                0.3
            ]
        },
        "right": {
            "port": "D",
            "direction": 1,
            "bias": 0,
            "ff": [
                20,
                0.060492770173829286,
                0.03839915988422775
            ],
            "p": 1,
            "speedKpid": [
                0.0,
                0.0,
                0.0
            ],
            "posKpid": [
                20.0,
                0.1,
                0.3
            ]
        }
    },
    "gyro": {
        "S1": {
            "port": "1",
            "direction": -1,
            "bias": 0
        },
        "S2": {
            "port": "2",
            "direction": -1,
            "bias": 0
        }
    },
    "light": {
        "SL": {
            "port": "4"
        },
        "SR": {
            "port": "3"
        }
    },
    "sensorbase": {
        "box_Kpid": [
            3.75,
            0,
            0.03
        ]
    }
}